INSERT INTO Contact_Type VALUES ('Customer'),('Employee'),('Department'),('Warehouse');

INSERT INTO Contact_Informaition VALUES
  (1,'odio.etiam@icloud.org','Joy','Watson','35 97 04 34','+45 52190674'),
  (1,'id.libero.donec@yahoo.edu','Ian','Whitfield','53 99 56 42','+45 22506556'),
  (1,'turpis.egestas@hotmail.edu','Octavius','Peters','22 55 52 76','+45 13238642'),
  (1,'dolor@aol.ca','Wayne','Reeves','25 30 15 89','+45 84012810'),
  (1,'et@protonmail.edu','Hanae','Barry','45 35 22 56','+45 69364241'),
  (1,'tincidunt.pede.ac@outlook.com','Graiden','Lloyd','77 96 74 22','+45 03622645'),
  (1,'tellus.nunc@icloud.edu','Ethan','Huber','28 82 35 81','+45 06568860'),
  (1,'est.nunc@google.ca','Valentine','Barker','44 37 48 97','+45 13226731'),
  (1,'a.dui@yahoo.edu','Honorato','Kemp','21 47 77 62','+45 83681389'),
  (1,'sed.nunc@protonmail.couk','Hiroko','Nash','78 44 07 63','+45 06874360'),
  (1,'eros.non@hotmail.org','Jaime','Ramos','87 88 68 07','+45 25789147'),
  (1,'dictum.augue@yahoo.com','Kitra','Delaney','15 01 31 41','+45 53236385'),
  (1,'libero@icloud.couk','Karleigh','Lowe','17 54 29 96','+45 21531501'),
  (1,'metus@yahoo.com','Chandler','Park','27 56 50 62','+45 32320998'),
  (1,'dui@outlook.edu','Vincent','Alvarez','56 41 23 14','+45 16317528'),
  (1,'purus.nullam@hotmail.com','Tad','Ramsey','17 34 63 47','+45 55881891'),
  (1,'fringilla@aol.ca','Chase','Silva','38 37 25 57','+45 83492484'),
  (1,'nunc@google.edu','Malik','Martinez','87 04 81 47','+45 03475383'),
  (1,'amet@protonmail.edu','Isabella','White','34 76 65 61','+45 72566274'),
  (1,'dictum.phasellus@google.net','Clementine','Conley','56 17 61 73','+45 45928753'),
  (1,'tellus@protonmail.couk','Imogene','Walters','44 18 16 43','+45 22744094'),
  (1,'vitae.orci.phasellus@hotmail.net','Kadeem','Melendez','37 72 23 74','+45 16147681'),
  (1,'maecenas.iaculis.aliquet@aol.com','Reese','Roberson','39 68 64 21','+45 29432454'),
  (1,'adipiscing@aol.com','Gillian','Lowery','75 02 22 47','+45 08151587'),
  (1,'luctus.ut@protonmail.org','Illana','Little','13 13 74 46','+45 56676816');

INSERT INTO Contact_Informaition VALUES
  (2,'harrison.sherman@hotmail.com','Harrison','Sherman','27 92 92 45','+45 77634867'),
  (2,'g-noel2416@google.com','Noel','Guzman','43 79 29 20','+45 03438430'),
  (2,'beardboris@google.com','Boris','Beard','76 35 72 38','+45 17514266'),
  (2,'barker-clinton@hotmail.com','Clinton','Barker','03 55 57 24','+45 18601448'),
  (2,'bender.cynthia@google.dk','Cynthia','Bender','35 45 95 88','+45 83761652'),
  (2,'j_mack9568@google.com','Janna','Mack','65 34 33 69','+45 45517878'),
  (2,'b.chandler@hotmail.com','Chandler','Boone','87 66 74 74','+45 44341164'),
  (2,'mnigel@hotmail.com','Nigel','Mcintyre','87 47 77 43','+45 53646528'),
  (2,'blair_frances@hotmail.com','Frances','Blair','24 81 37 35','+45 31076455'),
  (2,'morton.ursa5043@hotmail.dk','Ursa','Morton','15 21 76 14','+45 18513872'),
  (2,'d-gary8189@hotmail.com','Gary','Dickson','50 51 81 13','+45 86737872'),
  (2,'mendez.keelie8602@google.dk','Keelie','Mendez','75 57 43 50','+45 27858298'),
  (2,'shannonlucius@hotmail.dk','Lucius','Shannon','37 12 71 28','+45 15332666'),
  (2,'h.cooper@google.dk','Hyatt','Cooper','15 03 35 31','+45 66154868'),
  (2,'czeph@hotmail.dk','Zeph','Castillo','28 51 96 38','+45 29172418');

INSERT INTO Contact_Informaition VALUES
  (3,'dictum.proin@google.com','Sociis Natoque LLC','Bollnäs','55 32 21 60','+45 82776758'),
  (3,'ut.odio@hotmail.dk','Amet LLC','Nässjö','70 85 41 21','+45 47947653'),
  (3,'mi.fringilla@hotmail.dk','Pede Cras Vulputate Incorporated','Stockholm','54 13 94 82','+45 14524649'),
  (3,'conubia.nostra@hotmail.dk','Malesuada Corp.','Borlänge','67 04 02 25','+45 24829788'),
  (3,'at@google.dk','Enim Non Incorporated','Gävle','94 54 11 02','+45 81915618');

INSERT INTO Contact_Informaition VALUES
  (4,'arcu.vestibulum@hotmail.dk','Neque Non Quam Limited','Lerum','23 23 57 66','+45 12716225'),
  (4,'integer.vulputate@hotmail.com','Nulla Tincidunt Neque Institute','Sandviken','58 61 41 82','+45 33657523'),
  (4,'dignissim.maecenas@hotmail.dk','Fermentum LLP','Linköping','86 01 20 18','+45 86146435'),
  (4,'aliquam.adipiscing.lacus@hotmail.dk','Ac Libero LLP','Värnamo','42 57 38 37','+45 05343493'),
  (4,'orci@hotmail.com','Tempus Lorem LLC','Falun','40 54 26 71','+45 74471252');


INSERT INTO Addrese VALUES
  (3,'5464','71469 Non Main'),
  (6,'4621','758-7470 Non Street'),
  (2,'3720','North Plaza Street'),
  (1,'6840','Ap #595-6865 Cras St.'),
  (2,'7250','Ap #797-8630 Nec, Av.'),
  (3,'7250','Ap #207-902 Dignissim Ave'),
  (4,'7250','665 Consequat Av.'),
  (5,'5464','665-6695 Gravida Street'),
  (6,'5464','1506 Suspendisse Ave'),
  (7,'5960','515-688 A, Rd.'),
  (8,'5960','4516 Interdum Street'),
  (9,'8000','7103 Conubia St.'),
  (10,'7250','Ap #321-1746 Ac Rd.'),
  (11,'5464','Ap #421-5128 Proin Street'),
  (12,'4250','P.O. Box 844, 1818 Tellus Rd.'),
  (13,'3720','5888 Ridiculus St.'),
  (14,'4450','347-7144 Justo Avenue'),
  (15,'5220','8154 Est St.'),
  (16,'5220','Ap #216-3647 Fusce Av.'),
  (17,'8300','623-6168 Ut Avenue'),
  (18,'7250','411-7604 Nisi St.'),
  (19,'6840','P.O. Box 868, 624 Proin Rd.'),
  (20,'5960','747-7198 Elit. Av.'),
  (21,'4880','1001 Fringilla. Av.'),
  (22,'4771','Ap #519-6942 Magnis Street'),
  (23,'4450','P.O. Box 665, 4395 Habitant St.'),
  (24,'4250','7470 Non Court'),
  (25,'3720','P.O. Box 882, 7731 Volutpat. St.'),
  (26,'6840','Ap #374-6616 Facilisis Avenue'),
  (27,'3720','920-9354 Nunc Road'),
  (28,'4621','P.O. Box 695, 1275 Sed, Street'),
  (29,'7250','Ap #420-7846 Vel Av.'),
  (30,'6840','3910 Torquent Rd.'),
  (31,'3720','3160 Phasellus Rd.'),
  (32,'5220','781 Magna. St.'),
  (33,'4450','Ap #961-7338 Eget, Rd.'),
  (34,'4621','P.O. Box 133, 2184 Diam St.'),
  (35,'7250','P.O. Box 442, 9639 Nulla St.'),
  (36,'5464','Ap #167-446 Et Ave'),
  (37,'6840','857-1155 Risus. St.'),
  (38,'7250','P.O. Box 599, 1637 Eu Street'),
  (39,'5220','Ap #280-4991 Scelerisque Rd.'),
  (40,'7250','Ap #670-6002 Ipsum. St.'),
  (41,'4621','P.O. Box 134, 4580 Ridiculus Street'),
  (42,'5960','106-9444 Nisl St.'),
  (43,'7250','P.O. Box 218, 8965 Auctor Rd.'),
  (44,'6840','8491 Integer Avenue'),
  (45,'5960','6046 Magnis Rd.'),
  (46,'5464','968-6241 Eget Av.'),
  (47,'4450','Ap #627-5152 Pharetra Rd.'),
  (48,'4621','Ap #467-3897 Morbi Rd.'),
  (49,'7250','P.O. Box 430, 3832 Lorem, Street'),
  (50,'5220','Ap #305-8924 Ante Street');

INSERT INTO Customer VALUES(1),(2),(3),(4),(5),(6),(7),(8),(9),(10),(11),(12),(13),(14),(15),(16),(17),(18),(19),(20),(21),(22),(23),(24),(25);
INSERT INTO Department VALUES(41),(42),(43),(44),(45);
INSERT INTO Employee VALUES(3,26),(1,27),(4,28),(2,29),(4,30),(2,31),(4,32),(2,33),(4,34),(1,35),(3,36),(4,37),(4,38),(3,39),(2,40);
INSERT INTO Warehouse VALUES (1,46),(2,47),(3,48),(4,49),(5,50);

insert into Delivery_Service values ('GLS'),('PostLort'),('Bring');
insert into Manufactor values ('Dell'),('HP'),('Nintento'),('Sony'),('Samsung');
insert into Category values ('Computers'),('Camereas'),('TV'),('Sound');
INSERT INTO Product_Status VALUES ('Invalid'),('Valid');

insert into Product (CategoryID,Product_StatusID, ManufactorID, Product_Description, Product_Name, In_Price, Out_Price) values (3,2, 4, 'LG OLED TV er en sate banebrydende teknologier hjælper m, hvad du elsker ved tv – forbedret på enhver måde.', 'LG 48" OLED 4K TV OLED48C1', 349.89, 866.43);
insert into Product (CategoryID,Product_StatusID, ManufactorID, Product_Description, Product_Name, In_Price, Out_Price) values (3,2, 2, 'Neo QLED er Samsung-teknologien, der men fængslende gaming-oplevelse ud over det sædvanlige.', 'Samsung 65" 4K Neo QLED TV QE65QN90', 421.91, 998.03);
insert into Product (CategoryID,Product_StatusID, ManufactorID, Product_Description, Product_Name, In_Price, Out_Price) values (3,2, 5, 'Med firesidig Philips Ambilight kommer du tætteer obng for at undre dig over, hvordan du kunne se TV uden før.', 'Philips 58" 4K Smart TV 58PUS9006/12', 229.5, 996.58);
insert into Product (CategoryID,Product_StatusID, ManufactorID, Product_Description, Product_Name, In_Price, Out_Price) values (3,2, 4, 'Bliv opslugt. Firesidig Ambilight. Mepleve Ambilight én gang fo TV uden før.', 'Philips 55" 4K OLED TV 55OLED806/12', 188.9, 871.31);
insert into Product (CategoryID,Product_StatusID, ManufactorID, Product_Description, Product_Name, In_Price, Out_Price) values (3,2, 2, 'XR Contrast Vores Cognitive Processor XR krydsanalyserer dage øje fokuserer på mere realistisk farve og ...', 'Sony 55" OLED 4K Google TV XR55A80J', 475.58, 801.35);
insert into Product (CategoryID,Product_StatusID, ManufactorID, Product_Description, Product_Name, In_Price, Out_Price) values (3,2, 5, 'Philips 4K UHD TV er kompatibelt ml skyggerne vog farverne vil være mere naturtro.', 'Philips 43" 4K UHD TV 43PUS7556/12', 380.36, 638.6);
insert into Product (CategoryID,Product_StatusID, ManufactorID, Product_Description, Product_Name, In_Price, Out_Price) values (3,2, 5, 'Med Philips Ambilight kommer du tættere pår på handling er fængslende. Du behøkunne se TV uden før.', 'Philips 65" 4K UHD Ambilight TV 65PUS7906/12', 350.96, 888.58);
insert into Product (CategoryID,Product_StatusID, ManufactorID, Product_Description, Product_Name, In_Price, Out_Price) values (1,2, 2, 'Oplev en stationær computer medAAA-spil, uanset hvor krævende de er.', 'HP Pavilion Gaming TG01-2027no', 431.54, 813.83);
insert into Product (CategoryID,Product_StatusID, ManufactorID, Product_Description, Product_Name, In_Price, Out_Price) values (1,2, 2, 'Infinite-serien er bygenterså stiinite-seriens gaming-desktop er klar til at erobre den vildeste slagmark.', 'MSI MAG Infinite', 204.63, 934.42);
insert into Product (CategoryID,Product_StatusID, ManufactorID, Product_Description, Product_Name, In_Price, Out_Price) values (1,2, 4, 'Efterlad et spor af ødelæggels og din rig forbliver kølig og hviskende stille.', 'Lenovo Legion T7i', 469.94, 780.52);
insert into Product (CategoryID,Product_StatusID, ManufactorID, Product_Description, Product_Name, In_Price, Out_Price) values (1,2, 2, 'Oplev en stationær compue alle AAA-spil, uanset hvor krævende de er.', 'HP Pavilion Gaming TG01-2021no', 398.81, 594.05);
insert into Product (CategoryID,Product_StatusID, ManufactorID, Product_Description, Product_Name, In_Price, Out_Price) values (1,2, 1, 'Born out of a sketch aimed to proes a unique design without compromising on function.', 'MSI MAG Infinite S3', 450.17, 771.46);
insert into Product (CategoryID,Product_StatusID, ManufactorID, Product_Description, Product_Name, In_Price, Out_Price) values (1,2, 2, 'Gaming-PC’en Nitro 50 i sort  skridessoren og NVIDIA® GeForce RTX™ 3060Ti-grafikkortet.', 'Acer Nitro N50-610', 407.18, 910.13);
insert into Product (CategoryID,Product_StatusID, ManufactorID, Product_Description, Product_Name, In_Price, Out_Price) values (2,2, 1, 'DJI Pocket 2, der er i lge skarpe fotos og glatte videoer giver Pocket 2 dig frihed til at skabe magi lige ved hånden.', 'DJI Pocket 2 Videokamera', 316.8, 811.63);
insert into Product (CategoryID,Product_StatusID, ManufactorID, Product_Description, Product_Name, In_Price, Out_Price) values (2,2, 4, 'HERO9 Black har en bestial med berøringszoom, 30% længere batterilevetid og HyperSmooth 3.0, og du får mere af alt, hvad du elsker.', 'GoPro HERO9 Black Actiokamera', 358.18, 762.49);
insert into Product (CategoryID,Product_StatusID, ManufactorID, Product_Description, Product_Name, In_Price, Out_Price) values (2,2, 5, 'DJI Action 2 er ikke bare ultd for ubemed DJI Action 2.', 'DJI Action 2 Power Combo', 123.99, 892.28);
insert into Product (CategoryID,Product_StatusID, ManufactorID, Product_Description, Product_Name, In_Price, Out_Price) values (2,2, 4, 'iver dig mulighed for ubesværet at skifte tilbehør ud, mens du fanger livet på faon 2.', 'DJI Pocket 2 Creator Combo', 262.78, 775.56);
insert into Product (CategoryID,Product_StatusID, ManufactorID, Product_Description, Product_Name, In_Price, Out_Price) values (2,2, 5, 'DJI Action 2 er ikkeve magnetisparkour til parkvandringer, bryd formen med DJI Action 2.', 'DJI Action 2 Dual-Screen Combo', 270.56, 953.79);
insert into Product (CategoryID,Product_StatusID, ManufactorID, Product_Description, Product_Name, In_Price, Out_Price) values (4,2, 2, 'The Referenther brand can bring this theater-quality surround sound experience into your home like Klipsch.', 'Klipsch RP-502S Premiere II, par', 119.72, 778.34);
insert into Product (CategoryID,Product_StatusID, ManufactorID, Product_Description, Product_Name, In_Price, Out_Price) values (4,2, 5, 'Inkludert Klipsch R-100SW subwoofer', 'Klipsch R-41PM aktiv høyttaler, par', 359.52, 806.77);

insert into Product_Stock (ProductID, WarehouseID, Ammount) values (6, 5, 66);
insert into Product_Stock (ProductID, WarehouseID, Ammount) values (2, 4, 30);
insert into Product_Stock (ProductID, WarehouseID, Ammount) values (1, 3, 58);
insert into Product_Stock (ProductID, WarehouseID, Ammount) values (7, 4, 73);
insert into Product_Stock (ProductID, WarehouseID, Ammount) values (16, 2, 20);
insert into Product_Stock (ProductID, WarehouseID, Ammount) values (7, 5, 87);
insert into Product_Stock (ProductID, WarehouseID, Ammount) values (16, 5, 56);
insert into Product_Stock (ProductID, WarehouseID, Ammount) values (10, 5, 78);
insert into Product_Stock (ProductID, WarehouseID, Ammount) values (2, 1, 39);
insert into Product_Stock (ProductID, WarehouseID, Ammount) values (16, 1, 8);
insert into Product_Stock (ProductID, WarehouseID, Ammount) values (9, 2, 88);
insert into Product_Stock (ProductID, WarehouseID, Ammount) values (19, 3, 30);
insert into Product_Stock (ProductID, WarehouseID, Ammount) values (6, 3, 76);
insert into Product_Stock (ProductID, WarehouseID, Ammount) values (14, 1, 76);
insert into Product_Stock (ProductID, WarehouseID, Ammount) values (1, 3, 61);
insert into Product_Stock (ProductID, WarehouseID, Ammount) values (7, 5, 91);
insert into Product_Stock (ProductID, WarehouseID, Ammount) values (4, 1, 4);
insert into Product_Stock (ProductID, WarehouseID, Ammount) values (16, 2, 86);
insert into Product_Stock (ProductID, WarehouseID, Ammount) values (17, 4, 88);
insert into Product_Stock (ProductID, WarehouseID, Ammount) values (7, 4, 72);
insert into Product_Stock (ProductID, WarehouseID, Ammount) values (10, 4, 54);
insert into Product_Stock (ProductID, WarehouseID, Ammount) values (5, 4, 78);
insert into Product_Stock (ProductID, WarehouseID, Ammount) values (5, 1, 89);
insert into Product_Stock (ProductID, WarehouseID, Ammount) values (11, 1, 27);
insert into Product_Stock (ProductID, WarehouseID, Ammount) values (6, 3, 67);
insert into Product_Stock (ProductID, WarehouseID, Ammount) values (7, 1, 68);
insert into Product_Stock (ProductID, WarehouseID, Ammount) values (9, 3, 59);
insert into Product_Stock (ProductID, WarehouseID, Ammount) values (15, 1, 19);
insert into Product_Stock (ProductID, WarehouseID, Ammount) values (11, 5, 4);
insert into Product_Stock (ProductID, WarehouseID, Ammount) values (16, 5, 63);
insert into Product_Stock (ProductID, WarehouseID, Ammount) values (16, 5, 58);
insert into Product_Stock (ProductID, WarehouseID, Ammount) values (12, 1, 69);
insert into Product_Stock (ProductID, WarehouseID, Ammount) values (1, 3, 60);
insert into Product_Stock (ProductID, WarehouseID, Ammount) values (10, 2, 58);
insert into Product_Stock (ProductID, WarehouseID, Ammount) values (14, 1, 79);
insert into Product_Stock (ProductID, WarehouseID, Ammount) values (20, 4, 52);
insert into Product_Stock (ProductID, WarehouseID, Ammount) values (1, 3, 5);
insert into Product_Stock (ProductID, WarehouseID, Ammount) values (2, 3, 53);
insert into Product_Stock (ProductID, WarehouseID, Ammount) values (16, 1, 81);
insert into Product_Stock (ProductID, WarehouseID, Ammount) values (20, 5, 6);

insert into Orders (CustomerID, EmployeeID, Delivery_ServiceID, Payment_Date, Shipment_Date, Delivery_Date) values (5, 2, 1, '2/4/2022', '5/18/2021', '2/23/2022');
insert into Orders (CustomerID, EmployeeID, Delivery_ServiceID, Payment_Date, Shipment_Date, Delivery_Date) values (11, 10, 2, '1/13/2022', '3/12/2021', '1/26/2022');
insert into Orders (CustomerID, EmployeeID, Delivery_ServiceID, Payment_Date, Shipment_Date, Delivery_Date) values (20, 9, 2, '10/6/2021', '12/5/2021', '11/18/2021');
insert into Orders (CustomerID, EmployeeID, Delivery_ServiceID, Payment_Date, Shipment_Date, Delivery_Date) values (8, 13, 3, '1/1/2022', '7/2/2021', '12/24/2021');
insert into Orders (CustomerID, EmployeeID, Delivery_ServiceID, Payment_Date, Shipment_Date, Delivery_Date) values (18, 2, 1, '3/7/2021', '8/21/2021', '7/24/2021');
insert into Orders (CustomerID, EmployeeID, Delivery_ServiceID, Payment_Date, Shipment_Date, Delivery_Date) values (24, 3, 1, '2/4/2022', '11/25/2021', '2/19/2022');
insert into Orders (CustomerID, EmployeeID, Delivery_ServiceID, Payment_Date, Shipment_Date, Delivery_Date) values (6, 6, 3, '3/31/2021', '8/13/2021', '8/2/2021');
insert into Orders (CustomerID, EmployeeID, Delivery_ServiceID, Payment_Date, Shipment_Date, Delivery_Date) values (15, 6, 3, '11/19/2021', '12/15/2021', '3/5/2022');
insert into Orders (CustomerID, EmployeeID, Delivery_ServiceID, Payment_Date, Shipment_Date, Delivery_Date) values (19, 1, 3, '2/23/2021', '12/6/2021', '3/12/2021');
insert into Orders (CustomerID, EmployeeID, Delivery_ServiceID, Payment_Date, Shipment_Date, Delivery_Date) values (24, 11, 2, '2/28/2021', '6/18/2021', '4/11/2021');
insert into Orders (CustomerID, EmployeeID, Delivery_ServiceID, Payment_Date, Shipment_Date, Delivery_Date) values (6, 3, 1, '7/1/2021', '9/11/2021', '9/19/2021');
insert into Orders (CustomerID, EmployeeID, Delivery_ServiceID, Payment_Date, Shipment_Date, Delivery_Date) values (17, 7, 3, '2/9/2022', '11/28/2021', '9/17/2021');
insert into Orders (CustomerID, EmployeeID, Delivery_ServiceID, Payment_Date, Shipment_Date, Delivery_Date) values (9, 8, 2, '8/31/2021', '8/15/2021', '8/18/2021');
insert into Orders (CustomerID, EmployeeID, Delivery_ServiceID, Payment_Date, Shipment_Date, Delivery_Date) values (19, 4, 1, '2/12/2021', '11/12/2021', '2/12/2022');
insert into Orders (CustomerID, EmployeeID, Delivery_ServiceID, Payment_Date, Shipment_Date, Delivery_Date) values (13, 14, 1, '12/15/2021', '10/19/2021', '7/3/2021');
insert into Orders (CustomerID, EmployeeID, Delivery_ServiceID, Payment_Date, Shipment_Date, Delivery_Date) values (22, 1, 2, '5/8/2021', '6/12/2021', '1/15/2022');
insert into Orders (CustomerID, EmployeeID, Delivery_ServiceID, Payment_Date, Shipment_Date, Delivery_Date) values (11, 6, 3, '4/11/2021', '12/29/2021', '12/27/2021');
insert into Orders (CustomerID, EmployeeID, Delivery_ServiceID, Payment_Date, Shipment_Date, Delivery_Date) values (8, 15, 2, '12/27/2021', '4/13/2021', '5/15/2021');
insert into Orders (CustomerID, EmployeeID, Delivery_ServiceID, Payment_Date, Shipment_Date, Delivery_Date) values (9, 12, 2, '1/5/2022', '7/23/2021', '12/11/2021');
insert into Orders (CustomerID, EmployeeID, Delivery_ServiceID, Payment_Date, Shipment_Date, Delivery_Date) values (7, 2, 3, '10/13/2021', '1/28/2022', '12/31/2021');
insert into Orders (CustomerID, EmployeeID, Delivery_ServiceID, Payment_Date, Shipment_Date, Delivery_Date) values (1, 6, 1, '9/15/2021', '9/21/2021', '7/26/2021');
insert into Orders (CustomerID, EmployeeID, Delivery_ServiceID, Payment_Date, Shipment_Date, Delivery_Date) values (3, 5, 2, '11/26/2021', '10/26/2021', '6/21/2021');
insert into Orders (CustomerID, EmployeeID, Delivery_ServiceID, Payment_Date, Shipment_Date, Delivery_Date) values (20, 11, 1, '1/12/2022', '4/21/2021', '9/6/2021');
insert into Orders (CustomerID, EmployeeID, Delivery_ServiceID, Payment_Date, Shipment_Date, Delivery_Date) values (25, 1, 3, '7/19/2021', '10/6/2021', '9/22/2021');
insert into Orders (CustomerID, EmployeeID, Delivery_ServiceID, Payment_Date, Shipment_Date, Delivery_Date) values (9, 11, 1, '9/13/2021', '9/2/2021', '11/1/2021');
insert into Orders (CustomerID, EmployeeID, Delivery_ServiceID, Payment_Date, Shipment_Date, Delivery_Date) values (25, 14, 2, '4/11/2021', '4/8/2021', '10/2/2021');
insert into Orders (CustomerID, EmployeeID, Delivery_ServiceID, Payment_Date, Shipment_Date, Delivery_Date) values (12, 4, 3, '8/5/2021', '8/4/2021', '10/10/2021');
insert into Orders (CustomerID, EmployeeID, Delivery_ServiceID, Payment_Date, Shipment_Date, Delivery_Date) values (5, 5, 2, '2/26/2021', '3/17/2021', '11/12/2021');
insert into Orders (CustomerID, EmployeeID, Delivery_ServiceID, Payment_Date, Shipment_Date, Delivery_Date) values (25, 7, 3, '2/13/2022', '10/8/2021', '5/8/2021');
insert into Orders (CustomerID, EmployeeID, Delivery_ServiceID, Payment_Date, Shipment_Date, Delivery_Date) values (19, 7, 3, '5/20/2021', '11/19/2021', '8/24/2021');
insert into Orders (CustomerID, EmployeeID, Delivery_ServiceID, Payment_Date, Shipment_Date, Delivery_Date) values (25, 9, 3, '2/11/2021', '11/1/2021', '9/26/2021');
insert into Orders (CustomerID, EmployeeID, Delivery_ServiceID, Payment_Date, Shipment_Date, Delivery_Date) values (18, 1, 3, '9/14/2021', '3/24/2021', '4/2/2021');
insert into Orders (CustomerID, EmployeeID, Delivery_ServiceID, Payment_Date, Shipment_Date, Delivery_Date) values (2, 10, 3, '9/8/2021', '4/7/2021', '9/23/2021');
insert into Orders (CustomerID, EmployeeID, Delivery_ServiceID, Payment_Date, Shipment_Date, Delivery_Date) values (7, 8, 2, '12/19/2021', '11/27/2021', '10/22/2021');
insert into Orders (CustomerID, EmployeeID, Delivery_ServiceID, Payment_Date, Shipment_Date, Delivery_Date) values (13, 10, 1, '4/2/2021', '3/8/2021', '4/17/2021');

insert into OrderLine (OrdersID, ProductID, Ammount, Price) values (3, 10, 6, 4974.91);
insert into OrderLine (OrdersID, ProductID, Ammount, Price) values (32, 11, 3, 2858.49);
insert into OrderLine (OrdersID, ProductID, Ammount, Price) values (7, 3, 15, 1085.97);
insert into OrderLine (OrdersID, ProductID, Ammount, Price) values (4, 4, 13, 3616.05);
insert into OrderLine (OrdersID, ProductID, Ammount, Price) values (5, 20, 23, 2793.72);
insert into OrderLine (OrdersID, ProductID, Ammount, Price) values (18, 6, 25, 3158.25);
insert into OrderLine (OrdersID, ProductID, Ammount, Price) values (5, 17, 6, 3534.0);
insert into OrderLine (OrdersID, ProductID, Ammount, Price) values (14, 19, 22, 4852.18);
insert into OrderLine (OrdersID, ProductID, Ammount, Price) values (3, 6, 5, 2860.29);
insert into OrderLine (OrdersID, ProductID, Ammount, Price) values (34, 3, 5, 333.53);
insert into OrderLine (OrdersID, ProductID, Ammount, Price) values (28, 7, 5, 3525.68);
insert into OrderLine (OrdersID, ProductID, Ammount, Price) values (27, 11, 14, 3890.78);
insert into OrderLine (OrdersID, ProductID, Ammount, Price) values (25, 16, 22, 459.67);
insert into OrderLine (OrdersID, ProductID, Ammount, Price) values (12, 18, 4, 4079.09);
insert into OrderLine (OrdersID, ProductID, Ammount, Price) values (1, 12, 3, 4376.35);
insert into OrderLine (OrdersID, ProductID, Ammount, Price) values (3, 3, 18, 4366.21);
insert into OrderLine (OrdersID, ProductID, Ammount, Price) values (11, 2, 8, 4703.91);
insert into OrderLine (OrdersID, ProductID, Ammount, Price) values (5, 16, 20, 1580.4);
insert into OrderLine (OrdersID, ProductID, Ammount, Price) values (17, 3, 2, 3628.13);
insert into OrderLine (OrdersID, ProductID, Ammount, Price) values (1, 7, 5, 346.67);
insert into OrderLine (OrdersID, ProductID, Ammount, Price) values (8, 16, 17, 1423.23);
insert into OrderLine (OrdersID, ProductID, Ammount, Price) values (29, 15, 23, 4987.63);
insert into OrderLine (OrdersID, ProductID, Ammount, Price) values (32, 17, 7, 4559.47);
insert into OrderLine (OrdersID, ProductID, Ammount, Price) values (23, 16, 6, 490.02);
insert into OrderLine (OrdersID, ProductID, Ammount, Price) values (6, 16, 14, 4444.59);
insert into OrderLine (OrdersID, ProductID, Ammount, Price) values (24, 14, 8, 3669.02);
insert into OrderLine (OrdersID, ProductID, Ammount, Price) values (17, 8, 24, 4169.07);
insert into OrderLine (OrdersID, ProductID, Ammount, Price) values (24, 15, 8, 968.91);
insert into OrderLine (OrdersID, ProductID, Ammount, Price) values (31, 17, 16, 740.13);
insert into OrderLine (OrdersID, ProductID, Ammount, Price) values (14, 18, 13, 776.42);
insert into OrderLine (OrdersID, ProductID, Ammount, Price) values (19, 2, 18, 4521.93);
insert into OrderLine (OrdersID, ProductID, Ammount, Price) values (6, 7, 12, 4518.86);
insert into OrderLine (OrdersID, ProductID, Ammount, Price) values (34, 3, 25, 3120.39);
insert into OrderLine (OrdersID, ProductID, Ammount, Price) values (29, 14, 11, 2994.21);
insert into OrderLine (OrdersID, ProductID, Ammount, Price) values (34, 7, 24, 1277.73);
insert into OrderLine (OrdersID, ProductID, Ammount, Price) values (28, 11, 3, 1884.39);
insert into OrderLine (OrdersID, ProductID, Ammount, Price) values (21, 11, 9, 2205.89);
insert into OrderLine (OrdersID, ProductID, Ammount, Price) values (10, 9, 8, 4441.05);
insert into OrderLine (OrdersID, ProductID, Ammount, Price) values (8, 6, 5, 4886.75);
insert into OrderLine (OrdersID, ProductID, Ammount, Price) values (8, 1, 19, 4997.63);
insert into OrderLine (OrdersID, ProductID, Ammount, Price) values (10, 1, 12, 678.19);
insert into OrderLine (OrdersID, ProductID, Ammount, Price) values (32, 16, 4, 2360.25);
insert into OrderLine (OrdersID, ProductID, Ammount, Price) values (5, 13, 18, 2675.19);
insert into OrderLine (OrdersID, ProductID, Ammount, Price) values (11, 13, 17, 4393.44);
insert into OrderLine (OrdersID, ProductID, Ammount, Price) values (27, 20, 1, 456.44);
insert into OrderLine (OrdersID, ProductID, Ammount, Price) values (3, 18, 11, 1136.76);
insert into OrderLine (OrdersID, ProductID, Ammount, Price) values (2, 3, 16, 2208.49);
insert into OrderLine (OrdersID, ProductID, Ammount, Price) values (6, 16, 18, 4735.45);
insert into OrderLine (OrdersID, ProductID, Ammount, Price) values (19, 1, 8, 1842.48);
insert into OrderLine (OrdersID, ProductID, Ammount, Price) values (29, 15, 13, 3767.73);
insert into OrderLine (OrdersID, ProductID, Ammount, Price) values (28, 5, 15, 1849.92);
insert into OrderLine (OrdersID, ProductID, Ammount, Price) values (10, 16, 22, 4299.77);
insert into OrderLine (OrdersID, ProductID, Ammount, Price) values (35, 20, 18, 4333.02);
insert into OrderLine (OrdersID, ProductID, Ammount, Price) values (11, 12, 25, 1603.27);
insert into OrderLine (OrdersID, ProductID, Ammount, Price) values (12, 6, 21, 1705.41);
insert into OrderLine (OrdersID, ProductID, Ammount, Price) values (18, 1, 13, 1125.7);
insert into OrderLine (OrdersID, ProductID, Ammount, Price) values (15, 9, 3, 3807.41);
insert into OrderLine (OrdersID, ProductID, Ammount, Price) values (23, 6, 22, 660.67);
insert into OrderLine (OrdersID, ProductID, Ammount, Price) values (25, 20, 19, 4021.21);
insert into OrderLine (OrdersID, ProductID, Ammount, Price) values (34, 16, 9, 1796.96);
insert into OrderLine (OrdersID, ProductID, Ammount, Price) values (21, 16, 4, 1585.22);
insert into OrderLine (OrdersID, ProductID, Ammount, Price) values (27, 17, 11, 4728.3);
insert into OrderLine (OrdersID, ProductID, Ammount, Price) values (15, 14, 19, 2395.38);
insert into OrderLine (OrdersID, ProductID, Ammount, Price) values (17, 2, 8, 3506.43);
insert into OrderLine (OrdersID, ProductID, Ammount, Price) values (31, 10, 14, 3357.21);